Workbook

Sheet Don_hang
A1: Mã vận đơn | B1: Ngày tạo | C1: Khu vực | D1: Dịch vụ | E1: Khối lượng (kg) | F1: Giá cước | G1: Trạng thái
A2: FM000001 | B2: 2026-10-13 | C2: Nội thành | D2: Nhanh | E2: 2.7 | F2: =IFERROR(VLOOKUP(C2&"|"&D2,Bang_gia!$A$2:$B$10,2,FALSE),"Không tìm thấy mã/khu vực/dịch vụ") | G2: Mới tạo
A3: FM000002 | B3: 2026-10-08 | C3: Nội thành | D3: Tiêu chuẩn | E3: 16.3 | F3: =IFERROR(VLOOKUP(C3&"|"&D3,Bang_gia!$A$2:$B$10,2,FALSE),"Không tìm thấy mã/khu vực/dịch vụ") | G3: Đang giao
A4: FM000003 | B4: 2026-10-01 | C4: Ngoại thành | D4: Hỏa tốc | E4: 9.3 | F4: =IFERROR(VLOOKUP(C4&"|"&D4,Bang_gia!$A$2:$B$10,2,FALSE),"Không tìm thấy mã/khu vực/dịch vụ") | G4: Chờ xử lý
A5: FM000004 | B5: 2026-10-19 | C5: Ngoại thành | D5: Nhanh | E5: 4 | F5: =IFERROR(VLOOKUP(C5&"|"&D5,Bang_gia!$A$2:$B$10,2,FALSE),"Không tìm thấy mã/khu vực/dịch vụ") | G5: Chờ xử lý
A6: FM000005 | B6: 2026-10-08 | C6: Nội thành | D6: Nhanh | E6: 15.2 | F6: =IFERROR(VLOOKUP(C6&"|"&D6,Bang_gia!$A$2:$B$10,2,FALSE),"Không tìm thấy mã/khu vực/dịch vụ") | G6: Đã giao
A7: FM000006 | B7: 2026-10-16 | C7: Liên tỉnh | D7: Nhanh | E7: 18.1 | F7: =IFERROR(VLOOKUP(C7&"|"&D7,Bang_gia!$A$2:$B$10,2,FALSE),"Không tìm thấy mã/khu vực/dịch vụ") | G7: Chờ xử lý
A8: FM000007 | B8: 2026-10-22 | C8: Liên tỉnh | D8: Tiêu chuẩn | E8: 5.3 | F8: =IFERROR(VLOOKUP(C8&"|"&D8,Bang_gia!$A$2:$B$10,2,FALSE),"Không tìm thấy mã/khu vực/dịch vụ") | G8: Mới tạo
A9: FM000008 | B9: 2026-10-13 | C9: Ngoại thành | D9: Hỏa tốc | E9: 2.3 | F9: =IFERROR(VLOOKUP(C9&"|"&D9,Bang_gia!$A$2:$B$10,2,FALSE),"Không tìm thấy mã/khu vực/dịch vụ") | G9: Mới tạo
A10: FM000009 | B10: 2026-10-23 | C10: Ngoại thành | D10: Tiêu chuẩn | E10: 1.9 | F10: =IFERROR(VLOOKUP(C10&"|"&D10,Bang_gia!$A$2:$B$10,2,FALSE),"Không tìm thấy mã/khu vực/dịch vụ") | G10: Đang giao
A11: FM000010 | B11: 2026-10-20 | C11: Liên tỉnh | D11: Tiêu chuẩn | E11: 1.5 | F11: =IFERROR(VLOOKUP(C11&"|"&D11,Bang_gia!$A$2:$B$10,2,FALSE),"Không tìm thấy mã/khu vực/dịch vụ") | G11: Mới tạo
A12: FM000011 | B12: 2026-10-07 | C12: Ngoại thành | D12: Hỏa tốc | E12: 3.1 | F12: =IFERROR(VLOOKUP(C12&"|"&D12,Bang_gia!$A$2:$B$10,2,FALSE),"Không tìm thấy mã/khu vực/dịch vụ") | G12: Chờ xử lý
A13: FM000012 | B13: 2026-10-15 | C13: Liên tỉnh | D13: Hỏa tốc | E13: 5.9 | F13: =IFERROR(VLOOKUP(C13&"|"&D13,Bang_gia!$A$2:$B$10,2,FALSE),"Không tìm thấy mã/khu vực/dịch vụ") | G13: Đã giao
... A501: FM000500 | B501: 2026-10-06 | C501: Liên tỉnh | D501: Nhanh | E501: 5.9 | F501: =IFERROR(VLOOKUP(C501&"|"&D501,Bang_gia!$A$2:$B$10,2,FALSE),"Không tìm thấy mã/khu vực/dịch vụ") | G501: Mới tạo

Sheet Bang_gia
A1: Khóa tra cứu (Khu vực|Dịch vụ) | B1: Giá cước (VNĐ) | C1: Khu vực | D1: Dịch vụ
A2: Nội thành|Tiêu chuẩn | B2: 18000 | C2: Nội thành | D2: Tiêu chuẩn
A3: Nội thành|Nhanh | B3: 28000 | C3: Nội thành | D3: Nhanh
A4: Nội thành|Hỏa tốc | B4: 42000 | C4: Nội thành | D4: Hỏa tốc
A5: Ngoại thành|Tiêu chuẩn | B5: 26000 | C5: Ngoại thành | D5: Tiêu chuẩn
A6: Ngoại thành|Nhanh | B6: 38000 | C6: Ngoại thành | D6: Nhanh
A7: Ngoại thành|Hỏa tốc | B7: 55000 | C7: Ngoại thành | D7: Hỏa tốc
A8: Liên tỉnh|Tiêu chuẩn | B8: 35000 | C8: Liên tỉnh | D8: Tiêu chuẩn
A9: Liên tỉnh|Nhanh | B9: 52000 | C9: Liên tỉnh | D9: Nhanh
A10: Liên tỉnh|Hỏa tốc | B10: 75000 | C10: Liên tỉnh | D10: Hỏa tốc

Sheet KPI
A1: KPI vận hành FastMove | B1: Kết quả | C1: Ý nghĩa
A2: Tổng số đơn | B2: =COUNTA(Don_hang!A2:A501) | C2: Quy mô dữ liệu đang theo dõi
A3: Đã giao | B3: =COUNTIF(Don_hang!G2:G501,"Đã giao") | C3: Số đơn có trạng thái đã giao
A4: Đang giao | B4: =COUNTIF(Don_hang!G2:G501,"Đang giao") | C4: Đơn đang trên tuyến
A5: Chờ xử lý | B5: =COUNTIF(Don_hang!G2:G501,"Chờ xử lý") | C5: Đơn cần điều phối kiểm tra
A6: Tỷ lệ đã giao | B6: =IFERROR(B3/B2,0) | C6: Tỷ lệ trạng thái đã giao trên tổng đơn
